family,event,bank_event,tokens,train_pos,test_pos,firing_rate,bank_train_pos,bank_test_pos,count_matches_bank,bank_log10_evidence_proxy,bank_label_z,bank_full_cov_z,bank_offdiag_cov_z,sae_best_feature,sae_best_auc,sae_best_abs_auc_excess,sae_best_train_effect,sae_best_test_effect,sae_best_pos_mean,sae_best_neg_mean,random_best_feature,random_best_auc,random_best_abs_auc_excess,random_best_train_effect,random_best_test_effect,sae_minus_random_abs_auc_excess,sae_beats_random,sae_best_decoder_cosine_to_label_direction,sae_max_abs_decoder_cosine_to_label_direction
lexical,capitalized,lexical:capitalized,10000,833,807,0.164,800.0,840.0,False,4.931762941922825,7.337844168697389,9.18898432616184,9.187506843963206,19981,0.5995351017258658,0.09953510172586577,0.47067636251449585,0.49653202295303345,0.3612177073955536,0.04808064550161362,16176,0.5738272408342103,0.07382724083421033,0.426767498254776,0.40939250588417053,0.025707860891655443,True,0.25132498145103455,0.4512447714805603
lexical,comma_or_period,lexical:comma_or_period,10000,436,467,0.0903,443.0,460.0,False,5.581271630469754,5.890672304275662,20.251343498198842,20.24631338080642,7734,0.8994794774083559,0.3994794774083559,1.689025640487671,1.7004330158233643,12.983573913574219,0.035292673856019974,11900,0.6371271631164466,0.13712716311644657,0.5708200931549072,0.6234197616577148,0.2623523142919093,True,0.8162060976028442,0.8162060976028442
lexical,common_and,lexical:common_and,10000,128,118,0.0246,133.0,113.0,False,4.43533802534303,11.338354045530968,1.6637190650706535,1.6658538950285058,7668,0.7711864406779662,0.27118644067796616,0.8190448880195618,0.9203270673751831,0.8715451955795288,0.0,7696,0.6593418229539159,0.15934182295391586,0.5497236251831055,0.6613456606864929,0.1118446177240503,True,0.765778124332428,0.765778124332428
lexical,common_in,lexical:common_in,10000,102,103,0.0205,101.0,104.0,False,4.362454919941184,10.872540764670667,2.806512368115114,2.8078964341737587,11377,0.834848361687659,0.33484836168765897,1.2798621654510498,1.1442968845367432,1.5066208839416504,0.00015837731189094484,22640,0.76137559948532,0.26137559948531996,0.7759392261505127,0.7277430295944214,0.073472762202339,True,0.7894680500030518,0.8371171951293945
lexical,common_of,lexical:common_of,10000,138,128,0.0266,125.0,141.0,False,4.352524915591755,10.181561147396843,3.546831346010575,3.5461051632592575,1161,0.7772298978858785,0.2772298978858785,1.1304935216903687,1.0311330556869507,1.0627059936523438,0.00011700910545187071,22640,0.6494317015599343,0.14943170155993435,0.41789621114730835,0.40827107429504395,0.12779819632594414,True,0.6577556729316711,0.6837316155433655
lexical,common_the,lexical:common_the,10000,283,286,0.0569,294.0,275.0,False,4.896950761586749,8.907289153044738,6.135280961234602,6.138585970839695,17789,0.8951048951048951,0.3951048951048951,1.615448236465454,1.6344691514968872,1.6778335571289062,0.0,12236,0.5854829832873957,0.08548298328739568,0.3265838921070099,0.3666854500770569,0.30962191181749943,True,0.7099993824958801,0.7775821685791016
lexical,common_to,lexical:common_to,10000,71,84,0.0155,79.0,76.0,False,3.693967444715801,11.294713906879265,1.9033445876438326,1.903848814448851,3917,0.6726190476190477,0.17261904761904767,0.46488654613494873,0.7860496044158936,0.5111607313156128,0.0,15651,0.6526223894765392,0.15262238947653917,0.7878663539886475,0.6429086327552795,0.019996658142508505,True,0.6141608953475952,0.7281971573829651
lexical,digit,lexical:digit,10000,189,150,0.0339,190.0,149.0,False,4.892273261734044,7.765306988447409,6.727390420634563,6.734255186176952,6989,0.6625085910652921,0.16250859106529214,0.49789974093437195,0.679970383644104,1.0523128509521484,0.1707906574010849,6944,0.7359312714776632,0.23593127147766324,0.8575729131698608,1.0568385124206543,-0.0734226804123711,False,0.12828294932842255,0.6387999057769775
lexical,hyphen_piece,lexical:hyphen_piece,10000,105,136,0.0241,117.0,124.0,False,5.034046338129511,8.200215794093092,8.426447652927438,8.426298684774409,4473,0.8565836336590558,0.35658363365905577,1.3429677486419678,1.4824053049087524,5.766236782073975,0.00019605536363087595,18608,0.8387583446207431,0.33875834462074306,1.3938277959823608,1.5501306056976318,0.01782528903831271,True,0.6861558556556702,0.7624625563621521
lexical,punct,lexical:punct,10000,746,806,0.1552,767.0,785.0,False,5.588809313288535,6.147405101511975,19.584576711645443,19.583152552746135,7734,0.7667493796526055,0.2667493796526055,1.0533019304275513,1.0603543519973755,7.721229553222656,0.0,1500,0.4155058449326759,0.0844941550673241,-0.42873328924179077,-0.46941515803337097,0.18225522458528137,True,0.7164156436920166,0.7164156436920166
lexical,quote,lexical:quote,10000,75,77,0.0152,75.0,77.0,True,4.310380480740764,11.747017421106305,2.0546370598578165,2.0568970893982743,20501,0.9610284089260324,0.46102840892603236,2.3229527473449707,1.98015558719635,5.342710018157959,0.0001217975586769171,17577,0.7786034806144495,0.2786034806144495,0.9743080735206604,0.9395797848701477,0.18242492831158286,True,0.7257631421089172,0.7468839883804321
linguistic,adj_suffix,linguistic:adj_suffix,10000,130,134,0.0264,140.0,124.0,False,3.4550898574918003,9.633601962474408,2.875674194695548,2.8763135644365563,19981,0.5664824766426806,0.06648247664268059,0.28909510374069214,0.2918868362903595,0.26366230845451355,0.09407605230808258,9734,0.6206214611283901,0.12062146112839012,0.3788435757160187,0.46106210350990295,-0.05413898448570953,False,0.09414508938789368,0.4791829586029053
linguistic,conjunction,linguistic:conjunction,10000,164,144,0.0308,164.0,144.0,True,4.403994623913075,11.216337213862294,1.8636043608886423,1.8655220094746299,7668,0.7222222222222222,0.2222222222222222,0.6983345746994019,0.8029753565788269,0.7141828536987305,0.0,7696,0.6469459317224968,0.14694593172249681,0.5002679824829102,0.6319345831871033,0.0752762904997254,True,0.7334738969802856,0.7394692897796631
linguistic,determiner,linguistic:determiner,10000,403,418,0.0821,420.0,401.0,False,4.860517988327525,8.98793171889617,5.519079083386011,5.522835615483257,17789,0.7703349282296651,0.2703349282296651,1.15164315700531,1.133837103843689,1.147991418838501,0.0,13612,0.5897815771721674,0.08978157717216739,0.2522164285182953,0.3557590842247009,0.1805533510574977,True,0.667343020439148,0.7335194945335388
linguistic,month_name,linguistic:month_name,10000,25,21,0.0046,nan,nan,False,nan,nan,nan,nan,21610,0.7379900343346818,0.2379900343346818,0.9258387088775635,1.151929497718811,2.368350028991699,0.00025429067318327725,6722,0.8435333161181725,0.3435333161181725,1.3553889989852905,1.5065412521362305,-0.1055432817834907,False,0.8158366084098816,0.8158366084098816
linguistic,noun_suffix,linguistic:noun_suffix,10000,79,75,0.0154,77.0,77.0,False,3.082374230348181,9.053051946983354,4.644703300471213,4.646802153959502,22896,0.5695499153976311,0.06954991539763111,0.2224530428647995,0.18903644382953644,0.07265014946460724,0.033560074865818024,22721,0.6243993231810491,0.12439932318104907,0.35320934653282166,0.512347936630249,-0.05484940778341796,False,0.21581847965717316,0.6179218292236328
linguistic,number_word,linguistic:number_word,10000,22,27,0.0049,25.0,24.0,False,3.2171065443706808,12.481269472821007,-0.29286805205354194,-0.290435529263943,1712,0.7035547512121009,0.20355475121210087,0.6878021955490112,0.878735363483429,6.768672466278076,0.00036289714626036584,17384,0.8276731386524268,0.32767313865242675,1.1480659246444702,1.1278705596923828,-0.12411838744032588,False,0.7586959004402161,0.8120614290237427
linguistic,preposition,linguistic:preposition,10000,313,298,0.0611,302.0,309.0,False,4.512950176137699,8.842190833257215,5.227266363984663,5.2297188362569065,11377,0.6191275167785235,0.11912751677852351,0.5912817120552063,0.5659463405609131,0.5233473777770996,0.0,22640,0.6463710287497252,0.14637102874972518,0.40590426325798035,0.37957844138145447,-0.027243511971201673,False,0.6440066695213318,0.6513391137123108
linguistic,pronoun,linguistic:pronoun,10000,94,110,0.0204,102.0,102.0,False,4.01991754835488,11.899690884167846,0.9986442446220702,0.9994846310370101,16198,0.6890435025097602,0.1890435025097602,0.7230685353279114,0.7962401509284973,0.6152696013450623,0.02373611368238926,10157,0.5945222160252835,0.09452221602528355,0.6110556125640869,0.5797868371009827,0.09452128648447666,True,0.23568567633628845,0.6174523234367371
linguistic,proper_name_proxy,linguistic:proper_name_proxy,10000,661,632,0.1293,623.0,670.0,False,4.820102630512467,7.825847039822863,10.995635462174656,10.996545232408339,19981,0.6065989489150091,0.1065989489150091,0.500356912612915,0.5203232169151306,0.4033629298210144,0.054528262466192245,5954,0.5839783074256967,0.08397830742569667,0.43767374753952026,0.479062020778656,0.02262064148931242,True,0.26954278349876404,0.4487341046333313
linguistic,verb_ed,linguistic:verb_ed,10000,170,201,0.0371,195.0,176.0,False,4.156934271298323,9.392409434449107,5.192143473247955,5.191966593508181,7941,0.5982361582377755,0.09823615823777554,0.6148198246955872,0.5916533470153809,0.9588918089866638,0.009347345679998398,17218,0.5908024992769015,0.09080249927690154,0.5198364853858948,0.4848160147666931,0.007433658960874001,True,0.5236744284629822,0.558076798915863
linguistic,verb_ing,linguistic:verb_ing,10000,82,99,0.0181,96.0,85.0,False,3.137894144276846,11.828722071100742,1.0591891500229422,1.0610270418414576,13168,0.599932192770389,0.099932192770389,0.41256868839263916,0.5928258895874023,0.5796785950660706,0.0030776862986385822,1500,0.6769696557494966,0.17696965574949663,0.6741072535514832,0.6987189650535583,-0.07703746297910763,False,0.3564092814922333,0.563539445400238
ner,ner_any,ner:ner_any,10000,733,782,0.1515,714.0,801.0,False,4.857768479905851,6.958892750512914,11.886721212218372,11.88888579885388,19981,0.5827065287120476,0.08270652871204764,0.3931945562362671,0.4196415841579437,0.31402894854545593,0.05868520215153694,13222,0.5644203565525412,0.06442035655254119,0.3245057761669159,0.3160437345504761,0.018286172159506453,True,0.21536052227020264,0.429085373878479
ner,ner_gpe,ner:ner_gpe,10000,102,113,0.0215,93.0,122.0,False,3.4575903651527544,7.38097843272498,8.101812788776252,8.101766112805807,11360,0.5750365336245158,0.07503653362451579,0.29225900769233704,0.4548887014389038,0.5908478498458862,0.02762441523373127,15691,0.5767550173749754,0.07675501737497537,0.255854994058609,0.4640701413154602,-0.0017184837504595762,False,0.15803566575050354,0.4927004277706146
ner,ner_organization,ner:ner_organization,10000,288,307,0.0595,299.0,296.0,False,4.115027355907094,7.677233662854575,11.543321307874919,11.542587642066325,19981,0.5975758475961495,0.09757584759614946,0.2989330291748047,0.44522932171821594,0.36448365449905396,0.08122913539409637,5954,0.5935345524660403,0.09353455246604025,0.5340015888214111,0.4927610754966736,0.0040412951301092015,True,0.1973818987607956,0.4319409132003784
ner,ner_person,ner:ner_person,10000,334,348,0.0682,310.0,372.0,False,4.190105862940451,6.853024653389164,8.91888271233228,8.918861021892065,6854,0.5759409498818948,0.07594094988189481,0.35659465193748474,0.38318324089050293,0.1830027848482132,0.03050713799893856,14437,0.5654294655122998,0.06542946551229978,0.4271411895751953,0.3737811744213104,0.010511484369595037,True,0.37043285369873047,0.520045816898346
ner,ner_person_or_org,ner:ner_person_or_org,10000,622,655,0.1277,609.0,668.0,False,4.6629800196400195,7.165820364915481,13.790134814918552,13.787969423712935,19981,0.5817624891293844,0.08176248912938444,0.35722213983535767,0.40757814049720764,0.31530100107192993,0.06595688313245773,5954,0.5697314628554362,0.06973146285543619,0.4408774673938751,0.40465113520622253,0.012031026273948253,True,0.20875312387943268,0.4554513394832611
ner,ner_place_like,ner:ner_place_like,10000,110,125,0.0235,104.0,131.0,False,3.5000963742256626,7.8819276600525034,8.06701783826452,8.066313386167433,18578,0.5737394871794872,0.0737394871794872,0.18318676948547363,0.432623952627182,0.6818723082542419,0.13080072402954102,15691,0.5681788717948718,0.06817887179487181,0.23985198140144348,0.4282112419605255,0.005560615384615386,True,0.15861622989177704,0.5005437731742859
pos_tagger,pos_adjective,pos_tagger:pos_adjective,10000,278,293,0.0571,293.0,278.0,False,3.92711393905234,9.329260461654542,4.865345666160479,4.864751660610407,22169,0.5493125843363055,0.049312584336305476,0.2637311518192291,0.36003535985946655,0.24560974538326263,0.01216433010995388,19764,0.5827382208329617,0.08273822083296167,0.31175073981285095,0.3740179240703583,-0.0334256364966562,False,0.2234826683998108,0.42109769582748413
pos_tagger,pos_adverb,pos_tagger:pos_adverb,10000,103,93,0.0196,93.0,103.0,False,3.6688188358566802,11.821582306119494,1.7897976802525801,1.7891678847584604,5792,0.5659919667098352,0.0659919667098352,0.4091247618198395,0.44770383834838867,0.35267555713653564,0.015163557603955269,19696,0.636093708570815,0.13609370857081504,0.46629828214645386,0.5094603300094604,-0.07010174186097984,False,0.12047283351421356,0.5367359519004822
pos_tagger,pos_cardinal,pos_tagger:pos_cardinal,10000,213,175,0.0388,217.0,171.0,False,4.834977661828317,7.635570845701188,7.442280805414372,7.448287428780848,6989,0.6382099185788305,0.13820991857883047,0.45557913184165955,0.5955551266670227,0.9106515049934387,0.17136116325855255,6944,0.6955914137675796,0.1955914137675796,0.7783728241920471,0.9193922281265259,-0.05738149518874913,False,0.1174100935459137,0.6096570491790771
pos_tagger,pos_conjunction,pos_tagger:pos_conjunction,10000,146,133,0.0279,147.0,132.0,False,4.4532022635303345,11.377090834417292,2.043953535494616,2.045842602527263,7668,0.7406015037593985,0.24060150375939848,0.7515140771865845,0.8468881249427795,0.7732505798339844,0.0,7696,0.6575077512972899,0.1575077512972899,0.512028157711029,0.6593767404556274,0.0830937524621086,True,0.7462338209152222,0.7490476965904236
pos_tagger,pos_determiner,pos_tagger:pos_determiner,10000,397,405,0.0802,406.0,396.0,False,4.864440925551628,8.48529534630824,6.166922506377433,6.170194219578676,17789,0.7790123456790123,0.27901234567901234,1.1661709547042847,1.1639586687088013,1.1848405599594116,0.0,13612,0.5906347479143997,0.09063474791439974,0.25394001603126526,0.3577079474925995,0.1883775977646126,True,0.6740328073501587,0.7359135746955872
pos_tagger,pos_gerund,pos_tagger:pos_gerund,10000,59,64,0.0123,67.0,56.0,False,2.923356516307499,10.319513899036092,1.575864712143595,1.5759388753827994,13168,0.615720282111021,0.11572028211102103,0.5827012062072754,0.6566594839096069,0.8031845092773438,0.004268256947398186,1500,0.6960563968800648,0.19605639688006482,0.5986332893371582,0.7322943210601807,-0.08033611476904379,False,0.4172455072402954,0.6496171355247498
pos_tagger,pos_noun,pos_tagger:pos_noun,10000,1770,1748,0.3518,1732.0,1786.0,False,5.146302825522726,6.945570532828806,13.560338220860986,13.558404919333412,19981,0.5834160143660934,0.08341601436609336,0.4303801357746124,0.4453999400138855,0.24253852665424347,0.021263064816594124,13222,0.5756924624452194,0.07569246244521943,0.3947688639163971,0.38064172863960266,0.007723551920873928,True,0.212351992726326,0.3625076413154602
pos_tagger,pos_past_verb,pos_tagger:pos_past_verb,10000,350,347,0.0697,349.0,348.0,False,4.428847424148326,9.012468119934509,6.874611127006597,6.87074047752133,13701,0.5901253010824413,0.09012530108244132,0.41225284337997437,0.49994078278541565,0.4123598337173462,0.0007688619662076235,1500,0.5757588144613713,0.07575881446137134,0.1608070284128189,0.24778886139392853,0.014366486621069985,True,0.4353035092353821,0.56021648645401
pos_tagger,pos_plural_noun,pos_tagger:pos_plural_noun,10000,267,262,0.0529,279.0,250.0,False,4.154975859352198,8.677928494870189,4.69668623151352,4.701306253039204,4957,0.5989353577861629,0.09893535778616291,0.46860575675964355,0.5508440732955933,0.21719476580619812,0.0004891572170890868,18437,0.597323813636056,0.09732381363605602,0.4393632113933563,0.37206658720970154,0.0016115441501068917,True,0.5100985765457153,0.674203097820282
pos_tagger,pos_preposition,pos_tagger:pos_preposition,10000,540,503,0.1043,513.0,530.0,False,4.781728016257762,8.371574008342405,7.264110845680546,7.267916730563498,4888,0.5826070926011642,0.08260709260116417,0.45436766743659973,0.49664145708084106,0.2837280333042145,0.005179098341614008,22640,0.6303338519030358,0.1303338519030358,0.37577250599861145,0.3467887341976166,-0.047726759301871646,False,0.12392766773700714,0.5437883138656616
pos_tagger,pos_pronoun,pos_tagger:pos_pronoun,10000,89,108,0.0197,98.0,99.0,False,4.018654721417069,11.4176487105877,1.0749146554958513,1.0765058621068715,16198,0.6830265210017867,0.18302652100178673,0.7243517637252808,0.7656418681144714,0.5699867010116577,0.024977656081318855,7696,0.5957780654734866,0.09577806547348655,0.5201640725135803,0.45910587906837463,0.08724845552830018,True,0.23096489906311035,0.609244167804718
pos_tagger,pos_proper_noun,pos_tagger:pos_proper_noun,10000,945,952,0.1897,911.0,986.0,False,5.143104023641405,7.145339990066446,12.360324891358577,12.361960642458751,19981,0.5984492549490151,0.09844925494901513,0.42056161165237427,0.48352864384651184,0.33314213156700134,0.043466780334711075,17029,0.571000540779553,0.07100054077955298,0.382532000541687,0.3838548958301544,0.02744871416946215,True,0.21471166610717773,0.4038178324699402
pos_tagger,pos_verb,pos_tagger:pos_verb,10000,540,545,0.1085,547.0,538.0,False,4.5514189269946606,8.573712951321928,6.318259693992439,6.316488312275168,13701,0.5632026688907423,0.06320266889074233,0.3298379182815552,0.399413526058197,0.26859432458877563,6.34053212706931e-05,1500,0.602885120316313,0.10288512031631303,0.2713104784488678,0.37589073181152344,-0.0396824514255707,False,0.404555082321167,0.4649522006511688
