seed_id,n_samples,predicted_f_dark,observed_floor,within_population_sd
0,500,0.8591311945816462,0.8543591985397642,0.019959679270442253
0,750,0.8078614767759008,0.8204549005142787,0.016534778370929117
0,1100,0.7923289231138673,0.7921038869187452,0.012879650196269538
0,1650,0.7544390544315143,0.7627587458910025,0.01483821397802374
0,2500,0.726295600370342,0.7296100438545547,0.01171893970602828
0,3800,0.709545199998524,0.697940570508821,0.00997761739844685
0,5700,0.6593394417521536,0.662228871051399,0.011270630974193434
0,8600,0.608233643067883,0.6086408311572635,0.012037512836868066
0,13000,0.5559017716838613,0.5479983571522224,0.013025902301284017
0,19500,0.49135055900147906,0.4909118532389744,0.011796128126532912
0,29200,0.44497339823171195,0.4337893060488399,0.008446611899638511
1,500,0.820620488308028,0.824541497139397,0.009081183141737456
1,750,0.820620488308028,0.815484443920159,0.009792119810183434
1,1100,0.820620488308028,0.8006208411362014,0.012423041002641095
1,1650,0.7673147128358554,0.7672608334878673,0.013313262004861949
1,2500,0.7464409436743688,0.736235182182474,0.012494693379949458
1,3800,0.6903867926008377,0.6974948951506789,0.01158446462307257
1,5700,0.6612363971465303,0.6571584823464066,0.01171832927186776
1,8600,0.6099280807573794,0.6143867518980047,0.011644407309131874
1,13000,0.567117135900898,0.5625624879013207,0.009592584614027596
1,19500,0.5092650811629704,0.5074451560494679,0.010391829940246134
1,29200,0.45335665354301175,0.4540616348341219,0.010479293859266943
2,500,0.7921491077511172,0.7983720100491436,0.0162249349828584
2,750,0.7752960037864608,0.7794785359088909,0.01316035828114393
2,1100,0.7622646577561342,0.7582922140172531,0.012850519241540263
2,1650,0.735901964654243,0.7307901136002996,0.014038027356246171
2,2500,0.7058876428444105,0.700336004554084,0.010006315030346095
2,3800,0.6730527594893889,0.6645932921837776,0.01208985847932217
2,5700,0.6172072763222157,0.6237610092862573,0.011474447320241785
2,8600,0.5883460728036635,0.5824817882776635,0.009998962067972572
2,13000,0.5502567880455683,0.5431272138598734,0.009586608364094949
2,19500,0.5013578433186215,0.49921694188842763,0.008961576250892184
2,29200,0.4358441962701817,0.43936336397267917,0.008963303877688976
3,500,0.813864714552696,0.8089196643723155,0.01323405018382204
3,750,0.7972071550079692,0.7880832029569743,0.014444148850207138
3,1100,0.7553114768440184,0.7641527777984616,0.013859780926158017
3,1650,0.7433636755525161,0.7407527785791936,0.011010165330107667
3,2500,0.7144432156641012,0.7148357756165422,0.010841085033837383
3,3800,0.6974674281087216,0.6840312764050646,0.013079483151213675
3,5700,0.6459253509825125,0.6429577266866179,0.013203621791090088
3,8600,0.5835907129114554,0.5950379976633323,0.013152878390252212
3,13000,0.5378334913132374,0.5415228644626671,0.010442376346451355
3,19500,0.5097357660255525,0.4934500281203956,0.009870956741197203
3,29200,0.43774524236308476,0.43565147842478524,0.009228958454552816
4,500,0.8187117831409414,0.8366427717860498,0.018142134887863603
4,750,0.8011318794215136,0.8061464935165017,0.016944755645456153
4,1100,0.7852985897041697,0.7811663378909802,0.014083255154426409
4,1650,0.7475928999214277,0.7495085075006477,0.014678334955081711
4,2500,0.70831793785679,0.7033510885738659,0.01423943436118737
4,3800,0.6593252127520893,0.6596485356414347,0.012644829957685193
4,5700,0.6103420057464197,0.6214758938156553,0.011159161071588111
4,8600,0.5834243481096444,0.5872056275694589,0.01092380546528758
4,13000,0.550613966337249,0.5433148246174557,0.009762411796707598
4,19500,0.48717153798916296,0.4887993874334793,0.010577715930323457
4,29200,0.4225094210166822,0.4251454856537249,0.010615869834610223
5,500,0.8457851586900054,0.8314005897253299,0.012514368040827322
5,750,0.8129306387440701,0.8061254182610222,0.013922638802068689
5,1100,0.7594544301460388,0.7756354453980979,0.01465258301810904
5,1650,0.73849118110868,0.7497797022367315,0.011894184686974897
5,2500,0.73849118110868,0.728155957144305,0.009642058739096878
5,3800,0.7062255248598244,0.6947013725617693,0.011578745333225579
5,5700,0.6623827802229698,0.6549925418060245,0.012329569086416537
5,8600,0.5983479199592543,0.6037155483058474,0.014163235691169694
5,13000,0.5443146828644101,0.544977140171991,0.009518530523420778
5,19500,0.48476409971048096,0.48622097338140335,0.010368787620430581
5,29200,0.4265156075457951,0.4275978393937982,0.00924427177535359
6,500,0.8970183103061787,0.8855681197053279,0.014403072571180548
6,750,0.8600897949762702,0.8586177260923528,0.016218168814230275
6,1100,0.8187353539322298,0.8223708469993845,0.01691102342631914
6,1650,0.7813560624903421,0.7823043599808763,0.01380860648481657
6,2500,0.7316949944486147,0.7404096587071968,0.01524270882058605
6,3800,0.6989674151553225,0.6986386083810625,0.012485855055459606
6,5700,0.6632635983656884,0.664447251545233,0.010753399004240407
6,8600,0.6333655285145529,0.6255634041800994,0.011515937127197205
6,13000,0.57584951255924,0.5732118266904522,0.01135459105410487
6,19500,0.5195585925906248,0.5169645584105501,0.010323448527225181
6,29200,0.44787494543467393,0.45469009131438776,0.010245913541388273
7,500,0.8528337424892304,0.8452615473619094,0.011945663801104596
7,750,0.8233646237110857,0.8205208056812026,0.01667523418931764
7,1100,0.7907986034900767,0.7895989835120613,0.01773338287762968
7,1650,0.7446779067714248,0.7397885296264407,0.016540860917857735
7,2500,0.6947001263866743,0.7050445527163,0.011151758997085566
7,3800,0.686832462119455,0.6729366786724122,0.010917671883163364
7,5700,0.6345167461546375,0.6284716722675481,0.012505550079267836
7,8600,0.5730455790859222,0.572017766238541,0.013251201279375534
7,13000,0.5253223964658881,0.515986465632962,0.011260021681126657
7,19500,0.45664988952130714,0.4629379705218941,0.00802613360409251
7,29200,0.42328670971487886,0.41717045244218304,0.00815023961563357
8,500,0.8860593331657696,0.8741682096627301,0.016290976465497427
8,750,0.8354508870010944,0.8484055618634965,0.015648048290910165
8,1100,0.8354508870010944,0.8163397236335973,0.014489681505497162
8,1650,0.7681890225510425,0.7751651871385652,0.017568465645479106
8,2500,0.7381419269439303,0.7312527222368216,0.012029170631206534
8,3800,0.6791461705479253,0.6899127574220213,0.012248636050385222
8,5700,0.6307577273887285,0.6466320058700241,0.011153258235010548
8,8600,0.5950307155025987,0.5996383403041186,0.010142678531755645
8,13000,0.5502612586060835,0.5536254110018127,0.009795220977197566
8,19500,0.49992758196639414,0.5062568129878355,0.009636619452077052
8,29200,0.4488169937135762,0.45318784300317844,0.008972449197151369
9,500,0.8166491147241008,0.8249960834058385,0.019962624240784564
9,750,0.8002040226788955,0.793482359588579,0.015037731643722853
9,1100,0.7669098629763115,0.7660022162172759,0.013038156547280747
9,1650,0.7433180950195482,0.7415981661196045,0.012040217397049678
9,2500,0.7219819332251517,0.7172014085118928,0.008365380263772692
9,3800,0.690661335928663,0.6878528659760322,0.009808588607257439
9,5700,0.6566524191280968,0.6478093900113326,0.011130293443758665
9,8600,0.5930496216020962,0.5909440818886911,0.012945510754986548
9,13000,0.5369589407218271,0.5410639552645721,0.009214961936057546
9,19500,0.4819132747550017,0.49168938841632076,0.00909761685536696
9,29200,0.44635482893929923,0.44087302049303967,0.008392732301418841
10,500,0.8433924694946963,0.8511075227990539,0.016215153207117094
10,750,0.8269147042637935,0.8177802256174148,0.017790812617314286
10,1100,0.7829234733899556,0.7821635700088716,0.015680952905483932
10,1650,0.7470974264189534,0.751310919134211,0.014075845525099016
10,2500,0.7167607401846662,0.7026467207444066,0.016657546033691944
10,3800,0.6492793070195174,0.647741256313252,0.011944110269971683
10,5700,0.5934331319275599,0.6055554216552533,0.010787153367329674
10,8600,0.5647586954937565,0.5712625242894743,0.010818206409196856
10,13000,0.5467992626444951,0.5370400358471544,0.009184217309108325
10,19500,0.49466848772514876,0.4860352848276105,0.009910180414929557
10,29200,0.4268662364750218,0.43223618321934565,0.009458598064375774
11,500,0.8179715757004139,0.8108952394623163,0.01629825490766527
11,750,0.7814709296223203,0.7861410787248332,0.010092826923261576
11,1100,0.7814709296223203,0.7718421625996117,0.011229447278958504
11,1650,0.7457525393177833,0.7524331699561315,0.01128302987662265
11,2500,0.7169023833011288,0.7195958102125257,0.013013916201826596
11,3800,0.6765390261739113,0.679171384413132,0.012681868780198845
11,5700,0.6286437620463269,0.632136045790326,0.012103529432497642
11,8600,0.5893491947682346,0.5838577312958166,0.012322949315856655
11,13000,0.521481826151878,0.5304428591706543,0.00983261689004822
11,19500,0.4924095286604276,0.48468361988542874,0.010369020032465858
11,29200,0.43727479296038263,0.43854302941695555,0.007894692685009565
12,500,0.8187655515115777,0.8256285099309754,0.013238593151393281
12,750,0.8187655515115777,0.8095442108594325,0.010952228375239832
12,1100,0.7888805606789335,0.7960748536105383,0.010477623871396299
12,1650,0.7888805606789335,0.7820344355240518,0.008418712315404477
12,2500,0.7798996584340653,0.7502255877577775,0.014153220170161962
12,3800,0.6830949946377696,0.6973280711664093,0.014392036365814972
12,5700,0.6555650348382679,0.6521973414762855,0.011437981584822544
12,8600,0.606734378770756,0.6085297195909024,0.011037758647086187
12,13000,0.5596247908683555,0.5599899177939262,0.010141691719919873
12,19500,0.5140101707225895,0.5108123752378285,0.010262533101942391
12,29200,0.47065440888022664,0.45175350520901336,0.008110888299054616
13,500,0.8298375555327682,0.8419961792809445,0.023268027079811838
13,750,0.796794800158866,0.8033778659956674,0.01719544647985747
13,1100,0.7831879158897093,0.7728706892104988,0.014281684126271269
13,1650,0.7421541436465262,0.7406737059695027,0.013481375865454342
13,2500,0.7107751602119962,0.7094709036434127,0.010964101056396594
13,3800,0.6758437333867616,0.6766419366666906,0.010735619716271239
13,5700,0.6543954291339859,0.644312000400667,0.010226919939479207
13,8600,0.601100035949229,0.600132132070734,0.01086797391545941
13,13000,0.5383361623821534,0.5465235814704078,0.009497787828313876
13,19500,0.4985744394725364,0.4928662660905504,0.01036409054089202
13,29200,0.43389852345465224,0.4358083886428454,0.010182047940375137
14,500,0.8836358813999663,0.8820871888329357,0.01278954144436559
14,750,0.8836358813999663,0.8567299003752403,0.015559727062380912
14,1100,0.811858836436219,0.8121751551349746,0.014379856866430018
14,1650,0.7626041070583992,0.7697079580650341,0.01584549451896592
14,2500,0.7324321390109538,0.7346599029348114,0.012661544510119353
14,3800,0.6901223244424098,0.6989865471330551,0.011554769161424611
14,5700,0.6685401510315938,0.6566539920365043,0.013639829716144566
14,8600,0.5974893338910393,0.6074956274262332,0.010498336861870544
14,13000,0.5619629262990132,0.5562634755721373,0.01164570074299032
14,19500,0.508155577542716,0.5046991899576464,0.010213236237625824
14,29200,0.44714964687028,0.4480516065329832,0.009238851418959384
15,500,0.8292535275450768,0.8335371184447311,0.017641010125893516
15,750,0.8108071904842575,0.8064014694139534,0.015073081632165973
15,1100,0.7724555706692691,0.7866068016933455,0.013733920263114627
15,1650,0.7724555706692691,0.7527142058482958,0.015803038817883846
15,2500,0.7203836510177135,0.7188083500498498,0.015341916116757743
15,3800,0.6692654717861646,0.6749782275475977,0.012471091174666965
15,5700,0.645874467043712,0.6406550479810951,0.008317486086355214
15,8600,0.60662464213969,0.6049875989565653,0.009272165549557482
15,13000,0.5713856720613293,0.5602655411203746,0.010452845668936638
15,19500,0.5098010853836025,0.503553946727959,0.011122853494675886
15,29200,0.43812204170776703,0.4424351708308655,0.010180834420313674
16,500,0.8148416887152268,0.8239830290248943,0.012278512723902301
16,750,0.8148416887152268,0.8064416762934836,0.011754228870810996
16,1100,0.7983100470819557,0.7942356652581666,0.01043328370927596
16,1650,0.7741426475435818,0.7710128994272856,0.012555467446913297
16,2500,0.754185218474884,0.7371499512979884,0.013838333026344322
16,3800,0.6854762842702201,0.6840818891197193,0.013631191945484403
16,5700,0.6217394085726159,0.6358244221807949,0.013256304094952414
16,8600,0.5919514795320941,0.5946847488171999,0.010090958273461258
16,13000,0.5588928251543528,0.5495786764235777,0.010294157727152586
16,19500,0.4975062640167597,0.500365476754884,0.010559912760313497
16,29200,0.4569750665102705,0.45322799103898087,0.008656505834782065
17,500,0.8366170685835453,0.8287622160104924,0.011170403684733992
17,750,0.8181103721892353,0.8056529901700863,0.016211574994175918
17,1100,0.7771879194059198,0.7779183418319018,0.016079688648174443
17,1650,0.730077088438355,0.7447288399448857,0.01264479283167822
17,2500,0.7187834906512841,0.7144014326894489,0.010108541545190725
17,3800,0.6948243963505135,0.6903053136996713,0.008858423725021845
17,5700,0.6661866378631579,0.6600530599065209,0.008782868095885849
17,8600,0.6207439010275116,0.6146146332609705,0.011425563430293545
17,13000,0.5627405061671211,0.5606899218729262,0.014246910960118384
17,19500,0.5034651554666554,0.5022317132501752,0.009531892361572349
17,29200,0.43616065552381883,0.4360298526846866,0.010231181042377009
18,500,0.8437921279186886,0.8477127778958253,0.017746124666755014
18,750,0.810494261779991,0.8224570416577336,0.015749138572340723
18,1100,0.7975066093003451,0.7921347921504719,0.015299746287201012
18,1650,0.7463614381774158,0.7568737964813943,0.015856587619321908
18,2500,0.7283760552054864,0.7212169957527654,0.013628596403907822
18,3800,0.6904960372085972,0.6861155344081608,0.013821030304166317
18,5700,0.6561212348869292,0.648475023145611,0.009748633089252334
18,8600,0.6089122213197539,0.6086158362720646,0.012467962650577334
18,13000,0.5491574672193238,0.5503167504136489,0.010052239643662813
18,19500,0.4862814810210336,0.4940905121420126,0.011802534491705595
18,29200,0.43269891462153576,0.4357806375769213,0.009711306968389477
19,500,0.7978481434202801,0.7899673076098729,0.011562570991381986
19,750,0.7816645219199757,0.773533957685611,0.012306922987779951
19,1100,0.7547032633851419,0.7490302518406556,0.013115561353369597
19,1650,0.7202054741154795,0.7206218971267496,0.013118766786899527
19,2500,0.6899295830006293,0.6927366100759005,0.010771904049594543
19,3800,0.6583654926656058,0.6665487807044392,0.00979140207653937
19,5700,0.6518451451113744,0.633740514432717,0.010788286588062078
19,8600,0.5912014234375426,0.5856962822686469,0.01183117404016038
19,13000,0.5329849304819887,0.5308179667701076,0.010624550860629354
19,19500,0.48604085690275994,0.48148890747312956,0.00845584025579851
19,29200,0.44169894235153545,0.4270003399887658,0.00857365953677728
20,500,0.8087470295740391,0.8124076685381348,0.014356946252582097
20,750,0.7947238249948192,0.7918023232254658,0.014590868472948427
20,1100,0.7515724213874386,0.7619347097174314,0.011733914887134166
20,1650,0.7289443347513557,0.7365261580428646,0.011321273540540862
20,2500,0.7195712148364298,0.7073555165468018,0.010909124149740617
20,3800,0.6725034980507597,0.6691016997743896,0.011381219442078302
20,5700,0.6175633420740432,0.6195644478620391,0.011451439095476018
20,8600,0.5751749465126056,0.5757552621630433,0.011087276274762988
20,13000,0.5381844339150502,0.5335591816884008,0.00940773938119329
20,19500,0.4989568822095388,0.4910076340263453,0.008315574775369915
20,29200,0.4252410973209404,0.43440550254566296,0.010055497508213244
21,500,0.8432650842399084,0.8339241454223189,0.016514361836104014
21,750,0.7954152682490425,0.8006308508709117,0.01764044036244042
21,1100,0.7669196514829586,0.7781897063242249,0.013409247176931295
21,1650,0.7669196514829586,0.7468357150804499,0.012546913467836377
21,2500,0.7068147770015824,0.7114615391676052,0.014776675015298528
21,3800,0.674666238522757,0.6634834975840554,0.014183079253008877
21,5700,0.6035428088603244,0.6167941418448517,0.011559248818417304
21,8600,0.5861230099790439,0.579204095793268,0.009544323889932519
21,13000,0.5481926417487769,0.5429230063171417,0.00874874309644234
21,19500,0.4896146412944298,0.49372688142052085,0.010031161787016692
21,29200,0.44255350508616054,0.4383948215441193,0.008739045980222088
22,500,0.8656489926762881,0.8556006975941992,0.016909991229683556
22,750,0.8310089475065604,0.8367148738052759,0.013064270763427569
22,1100,0.8168279010365831,0.8132804319900281,0.01505077650989887
22,1650,0.7707563228829715,0.7786513947434425,0.014490095671603642
22,2500,0.732432652758855,0.7350458142244288,0.014436334239844563
22,3800,0.6960970633083173,0.6958747428853519,0.011501053929689378
22,5700,0.6676875685409969,0.6601369235004603,0.01066452923676218
22,8600,0.6147376444768979,0.6149905128716379,0.011290852570750961
22,13000,0.5513507478753069,0.5618639072564366,0.009670902839943258
22,19500,0.5145304631711259,0.5091321042804438,0.010442485144994653
22,29200,0.4514530379490385,0.45309904037152116,0.010784102885887294
23,500,0.8425941793407277,0.8447953011438376,0.01477029128675081
23,750,0.8249166060795885,0.8266652820724175,0.010119231730241433
23,1100,0.8118795911037114,0.8084982781488584,0.012010957359858918
23,1650,0.7894207596736557,0.7835836153266562,0.014476654662292521
23,2500,0.7383259683568254,0.7365530445999923,0.017618222770554113
23,3800,0.6900145276437739,0.6914018877557834,0.012995887242912079
23,5700,0.6488512729416775,0.6552859007359796,0.010255192458422591
23,8600,0.6304977035880909,0.6162027896704296,0.011010526390533003
23,13000,0.5649970312858925,0.5700675538716473,0.012179061411004026
23,19500,0.5274417484740207,0.520058180088528,0.00986348946741507
23,29200,0.4649915173634707,0.4693561098981733,0.008905651087904073
