direction_kind,direction_label,direction_seed,geometry,amp,p,n,lambda_eff,labeled_power,unrestricted_cov_power,feature_independent_power,labeled_threshold,unrestricted_cov_threshold,feature_independent_threshold,trials
axis,axis,0,0.0,0.7,0.05,8192,0.15256146302392357,1.0,0.445,0.05,0.08254402619843534,0.01528663120167259,0.01608351392626377,400
k2,2-sparse,0,0.5000000000000002,0.7,0.05,8192,0.15256146302392357,1.0,0.38,0.165,0.08333634128292973,0.02331537606878097,0.028308869726256666,400
k2,2-sparse,1,0.5000000000000002,0.7,0.05,8192,0.15256146302392357,1.0,0.47,0.1925,0.08438535841776997,0.02894457972250147,0.028342470774071992,400
k2,2-sparse,2,0.5000000000000002,0.7,0.05,8192,0.15256146302392357,1.0,0.475,0.17,0.0790132308629069,0.021472523545795437,0.021766285540284033,400
k2,2-sparse,3,0.5000000000000002,0.7,0.05,8192,0.15256146302392357,1.0,0.4975,0.2,0.07790828385518588,0.021089428802457087,0.021281218095962656,400
k2,2-sparse,4,0.5000000000000002,0.7,0.05,8192,0.15256146302392357,1.0,0.4775,0.2025,0.07117691786500756,0.01671842290726062,0.018040494508110037,400
k2,2-sparse,5,0.5000000000000002,0.7,0.05,8192,0.15256146302392357,1.0,0.52,0.1725,0.073645008456931,0.02332231585288457,0.02445771157396537,400
k2,2-sparse,6,0.5000000000000002,0.7,0.05,8192,0.15256146302392357,1.0,0.49,0.2,0.0819994834424877,0.012532478986062578,0.015137418942357289,400
k2,2-sparse,7,0.5000000000000002,0.7,0.05,8192,0.15256146302392357,1.0,0.51,0.1925,0.09118875755153642,0.019544912122328693,0.026401405775690983,400
k2,2-sparse,8,0.5000000000000002,0.7,0.05,8192,0.15256146302392357,1.0,0.4625,0.1875,0.07511872544800248,0.027695732425772043,0.02881186225010823,400
k2,2-sparse,9,0.5000000000000002,0.7,0.05,8192,0.15256146302392357,1.0,0.385,0.1775,0.08443128990684666,0.030247930240305206,0.02685173022625278,400
k2,2-sparse,10,0.5000000000000002,0.7,0.05,8192,0.15256146302392357,1.0,0.46,0.225,0.0776385088334609,0.024378957647780974,0.033252400373456635,400
k2,2-sparse,11,0.5000000000000002,0.7,0.05,8192,0.15256146302392357,1.0,0.47,0.19,0.07832400653664728,0.016979856676315214,0.01561021260407236,400
k4,4-sparse,0,0.75,0.7,0.05,8192,0.15256146302392357,1.0,0.495,0.3,0.08272053887651833,0.019242752845015344,0.0210835210624879,400
k4,4-sparse,1,0.75,0.7,0.05,8192,0.15256146302392357,1.0,0.45,0.3175,0.0872818377491463,0.02072969048390291,0.020502113730277185,400
k4,4-sparse,2,0.75,0.7,0.05,8192,0.15256146302392357,1.0,0.49,0.2625,0.07310943139741993,0.03800912532318976,0.03769751524367222,400
k4,4-sparse,3,0.75,0.7,0.05,8192,0.15256146302392357,1.0,0.495,0.32,0.08847599993608062,0.021687222570462943,0.0241316313169286,400
k4,4-sparse,4,0.75,0.7,0.05,8192,0.15256146302392357,1.0,0.56,0.3325,0.0824945819040317,0.03247351645074179,0.034145699686729626,400
k4,4-sparse,5,0.75,0.7,0.05,8192,0.15256146302392357,1.0,0.455,0.3675,0.09413093269404442,0.017319170877014217,0.015121286768322391,400
k4,4-sparse,6,0.75,0.7,0.05,8192,0.15256146302392357,1.0,0.53,0.2925,0.07916619732086047,0.02071602500021161,0.024200207032238723,400
k4,4-sparse,7,0.75,0.7,0.05,8192,0.15256146302392357,1.0,0.5275,0.3275,0.07768695258178403,0.03631344472033646,0.03968138728167511,400
k4,4-sparse,8,0.75,0.7,0.05,8192,0.15256146302392357,1.0,0.5125,0.2925,0.09399668938118444,0.01625323934485041,0.011760262251293344,400
k4,4-sparse,9,0.75,0.7,0.05,8192,0.15256146302392357,1.0,0.5275,0.445,0.07652009547050284,0.022045387221899984,0.02068389715994238,400
k4,4-sparse,10,0.75,0.7,0.05,8192,0.15256146302392357,1.0,0.51,0.345,0.08361968413202653,0.033273150414696105,0.032895660276130015,400
k4,4-sparse,11,0.75,0.7,0.05,8192,0.15256146302392357,1.0,0.4325,0.305,0.07665249168504977,0.025839603002511712,0.02620186918203122,400
k8,8-sparse,0,0.875,0.7,0.05,8192,0.15256146302392357,1.0,0.4825,0.395,0.09152833737515635,0.01432003207222647,0.01716848490790815,400
k8,8-sparse,1,0.875,0.7,0.05,8192,0.15256146302392357,1.0,0.525,0.46,0.08545620931667777,0.028139589615396563,0.028197994059317496,400
k8,8-sparse,2,0.875,0.7,0.05,8192,0.15256146302392357,1.0,0.475,0.415,0.08038043673751195,0.027879028864212268,0.027487150849680692,400
k8,8-sparse,3,0.875,0.7,0.05,8192,0.15256146302392357,1.0,0.5025,0.4275,0.07894482787411983,0.02766463389603648,0.025475411698499876,400
k8,8-sparse,4,0.875,0.7,0.05,8192,0.15256146302392357,1.0,0.565,0.5,0.08239342183985274,0.02392843702891908,0.0245185422670394,400
k8,8-sparse,5,0.875,0.7,0.05,8192,0.15256146302392357,1.0,0.345,0.2625,0.08173113954749484,0.024041531037803765,0.023398601691521564,400
k8,8-sparse,6,0.875,0.7,0.05,8192,0.15256146302392357,1.0,0.45,0.345,0.08357242280726185,0.014190449436128717,0.014292472939137863,400
k8,8-sparse,7,0.875,0.7,0.05,8192,0.15256146302392357,1.0,0.495,0.3825,0.08757613439659767,0.015306684806905533,0.017014812432900716,400
k8,8-sparse,8,0.875,0.7,0.05,8192,0.15256146302392357,1.0,0.4325,0.3975,0.08802774292695259,0.005092785913178894,0.005931870810695694,400
k8,8-sparse,9,0.875,0.7,0.05,8192,0.15256146302392357,1.0,0.495,0.34,0.09272558674488288,0.021054946108807353,0.0266753570411282,400
k8,8-sparse,10,0.875,0.7,0.05,8192,0.15256146302392357,1.0,0.42,0.3375,0.08852768496627263,0.02808425976936646,0.030759988942240746,400
k8,8-sparse,11,0.875,0.7,0.05,8192,0.15256146302392357,1.0,0.4275,0.3325,0.07869421932030994,0.020774387990681986,0.02024137216946798,400
k16,16-sparse,0,0.9375,0.7,0.05,8192,0.15256146302392357,1.0,0.455,0.3875,0.08934185483112285,0.04126752810181618,0.04284723299711164,400
k16,16-sparse,1,0.9375,0.7,0.05,8192,0.15256146302392357,1.0,0.45,0.425,0.07788436251964094,0.035818534364559326,0.03709192100078948,400
k16,16-sparse,2,0.9375,0.7,0.05,8192,0.15256146302392357,1.0,0.5075,0.4775,0.08589928181953556,0.008645642267134098,0.008232203228039537,400
k16,16-sparse,3,0.9375,0.7,0.05,8192,0.15256146302392357,1.0,0.455,0.3875,0.08239577298461294,0.027350211227732728,0.029711675018345537,400
k16,16-sparse,4,0.9375,0.7,0.05,8192,0.15256146302392357,1.0,0.5475,0.4875,0.08623623136115084,0.016359997948615077,0.016557563912985723,400
k16,16-sparse,5,0.9375,0.7,0.05,8192,0.15256146302392357,1.0,0.44,0.4025,0.092410347880073,0.024177877164538154,0.022976609643328625,400
k16,16-sparse,6,0.9375,0.7,0.05,8192,0.15256146302392357,1.0,0.5025,0.4575,0.08769898512286,0.01847811887951398,0.017710407033179186,400
k16,16-sparse,7,0.9375,0.7,0.05,8192,0.15256146302392357,1.0,0.4475,0.455,0.08687510298741147,0.02585921808708944,0.02483097740761833,400
k16,16-sparse,8,0.9375,0.7,0.05,8192,0.15256146302392357,1.0,0.495,0.4075,0.08478198260694222,0.019158186905322356,0.02083401585344009,400
k16,16-sparse,9,0.9375,0.7,0.05,8192,0.15256146302392357,1.0,0.4875,0.4625,0.07427696854482177,0.02480099193201118,0.025847107015081514,400
k16,16-sparse,10,0.9375,0.7,0.05,8192,0.15256146302392357,1.0,0.5,0.44,0.09152779416822687,0.02629641601582489,0.027253503466972293,400
k16,16-sparse,11,0.9375,0.7,0.05,8192,0.15256146302392357,1.0,0.4275,0.3575,0.08594788531764302,0.025204683285821,0.02638333416148854,400
k32,32-sparse,0,0.96875,0.7,0.05,8192,0.15256146302392357,1.0,0.4825,0.51,0.08076552881855266,0.026296777885789643,0.022969601316077542,400
k32,32-sparse,1,0.96875,0.7,0.05,8192,0.15256146302392357,1.0,0.465,0.46,0.0733147029031533,0.02322708194523362,0.02347875046067754,400
k32,32-sparse,2,0.96875,0.7,0.05,8192,0.15256146302392357,1.0,0.5425,0.465,0.07969937295685534,0.02626383722817784,0.02912665535929238,400
k32,32-sparse,3,0.96875,0.7,0.05,8192,0.15256146302392357,1.0,0.31,0.315,0.0830718601781419,0.026241993301355734,0.02523882845857655,400
k32,32-sparse,4,0.96875,0.7,0.05,8192,0.15256146302392357,1.0,0.5275,0.52,0.08291796049727125,0.01675340147502411,0.016711525707833973,400
k32,32-sparse,5,0.96875,0.7,0.05,8192,0.15256146302392357,1.0,0.4525,0.435,0.07547982868364497,0.025319310034034325,0.025056305893264543,400
k32,32-sparse,6,0.96875,0.7,0.05,8192,0.15256146302392357,1.0,0.5475,0.5375,0.08208779418452933,0.022774481767675075,0.021073875486121885,400
k32,32-sparse,7,0.96875,0.7,0.05,8192,0.15256146302392357,1.0,0.4525,0.425,0.07766545408471784,0.016387721104179142,0.016634271880553064,400
k32,32-sparse,8,0.96875,0.7,0.05,8192,0.15256146302392357,1.0,0.48,0.4275,0.07478992914996674,0.030148414496811077,0.03214815300924013,400
k32,32-sparse,9,0.96875,0.7,0.05,8192,0.15256146302392357,1.0,0.535,0.5175,0.0850840784097595,0.02408354790527762,0.024602070311212795,400
k32,32-sparse,10,0.96875,0.7,0.05,8192,0.15256146302392357,1.0,0.49,0.4825,0.0862453245190759,0.027876397586308523,0.027379700026345963,400
k32,32-sparse,11,0.96875,0.7,0.05,8192,0.15256146302392357,1.0,0.4275,0.42,0.08073454170280811,0.022961620356900966,0.023054519084795173,400
dense,dense,0,0.996105936425101,0.7,0.05,8192,0.15256146302392357,1.0,0.4775,0.4725,0.07963402726243388,0.017262605643096233,0.017519339139536884,400
dense,dense,1,0.9960026315444676,0.7,0.05,8192,0.15256146302392357,1.0,0.52,0.5025,0.08825917652438776,0.028934531195864394,0.029575046490785163,400
dense,dense,2,0.9961464030804483,0.7,0.05,8192,0.15256146302392357,1.0,0.5,0.51,0.08160573612795949,0.017997942411029654,0.01770131675452765,400
dense,dense,3,0.9960928418364922,0.7,0.05,8192,0.15256146302392357,1.0,0.465,0.4675,0.08174017701261957,0.027590215393709202,0.02766794402803475,400
dense,dense,4,0.995994316143126,0.7,0.05,8192,0.15256146302392357,1.0,0.5275,0.515,0.08408835718320946,0.01756846290094669,0.018036393150078992,400
dense,dense,5,0.9958551454057718,0.7,0.05,8192,0.15256146302392357,1.0,0.4775,0.47,0.09756521794206179,0.016009997988813956,0.016451445624600484,400
dense,dense,6,0.9961087637543065,0.7,0.05,8192,0.15256146302392357,1.0,0.5225,0.5175,0.08331202169718911,0.0206355360259536,0.02085971162989175,400
dense,dense,7,0.9963501201194787,0.7,0.05,8192,0.15256146302392357,1.0,0.4875,0.49,0.07593928277038155,0.019785731985713328,0.019898815006166193,400
dense,dense,8,0.9962962110898397,0.7,0.05,8192,0.15256146302392357,1.0,0.4425,0.44,0.07861866356391996,0.015630397692407535,0.015954734021100158,400
dense,dense,9,0.9963000008253606,0.7,0.05,8192,0.15256146302392357,1.0,0.4475,0.45,0.08126796659733622,0.03105856783669257,0.03147256625227753,400
dense,dense,10,0.9962262990185161,0.7,0.05,8192,0.15256146302392357,1.0,0.4775,0.475,0.08776248315476474,0.01411961578623662,0.014012623994260013,400
dense,dense,11,0.9957693817952791,0.7,0.05,8192,0.15256146302392357,1.0,0.5425,0.545,0.08643907268318629,0.02410601794092675,0.024043287869154023,400
pc_orth,PC-orth,0,0.9960757056291564,0.7,0.05,8192,0.15256146302392357,1.0,0.45,0.455,0.08703750116318738,0.031952211488492886,0.03175236908310392,400
pc_orth,PC-orth,1,0.996213114619083,0.7,0.05,8192,0.15256146302392357,1.0,0.455,0.4425,0.07881517205939106,0.025126617694544513,0.026037460820309267,400
pc_orth,PC-orth,2,0.9952734364642911,0.7,0.05,8192,0.15256146302392357,1.0,0.53,0.5175,0.08284094357737287,0.03676002545258027,0.037453129690374724,400
pc_orth,PC-orth,3,0.9960537562024866,0.7,0.05,8192,0.15256146302392357,1.0,0.43,0.42,0.08873237080658003,0.013980838321205677,0.01489731778161165,400
pc_orth,PC-orth,4,0.9958783212844995,0.7,0.05,8192,0.15256146302392357,1.0,0.4075,0.4,0.08873974078569306,0.013853206029328068,0.014070282597047809,400
pc_orth,PC-orth,5,0.995450152442696,0.7,0.05,8192,0.15256146302392357,1.0,0.4125,0.425,0.08718501318238478,0.01845094493098507,0.0180398053307764,400
pc_orth,PC-orth,6,0.9961314465552207,0.7,0.05,8192,0.15256146302392357,1.0,0.5175,0.5225,0.0831860436342243,0.020089629659342637,0.020237082879924238,400
pc_orth,PC-orth,7,0.9959829244783835,0.7,0.05,8192,0.15256146302392357,1.0,0.4975,0.495,0.07605132923750273,0.021593001716925266,0.02138122555346681,400
pc_orth,PC-orth,8,0.9962295527500061,0.7,0.05,8192,0.15256146302392357,1.0,0.455,0.4575,0.08347923630690937,0.021845116923706085,0.022097861414390903,400
pc_orth,PC-orth,9,0.9960145218179838,0.7,0.05,8192,0.15256146302392357,1.0,0.53,0.545,0.08067624454237574,0.02523583892955904,0.02470504466563644,400
pc_orth,PC-orth,10,0.9961886797136097,0.7,0.05,8192,0.15256146302392357,1.0,0.525,0.525,0.08260162155524386,0.020895698074386137,0.021675341860294066,400
pc_orth,PC-orth,11,0.9957685537760429,0.7,0.05,8192,0.15256146302392357,1.0,0.44,0.4325,0.0911696194740729,0.011262533641355876,0.01184293915797686,400
